from,to
"Echinicola vietnamensis","Echinicola vietnamensis DSM 17526"
"Kordia","Kordia sp. SMS9"
"Aquimarina","Aquimarina sp. SCSIO21287"
"Dokdonia","Dokdonia sp. MED134"
"Prevotella","Prevotella sp. E13-3"
"Phocaeicola","Phocaeicola dorei"
"Winogradskyella","Winogradskyella sp. PG-2"
"Sphingobacterium","Sphingobacterium multivorum"
"Bacteroides fluxus","Bacteroides fluxus YIT 12057"
"Psychroflexus torquis","Psychroflexus torquis ATCC 700755"
"Joostella marina","Joostella marina DSM 19592"
"Bacteroides","Bacteroides sp. PHL 2737"
"Sphingobacterium","Sphingobacterium sp. TN19"
"Parabacteroides distasonis","Parabacteroides distasonis CL03T12C09"
"Prevotella","Prevotella sp. E2-25"
"Rhodothermus marinus","Rhodothermus marinus SG0.5JP17-172"
"Chryseobacterium","Chryseobacterium sp. ADR-1"
"Flavobacterium","Flavobacterium sp. M31R6"
"Pedobacter","Pedobacter sp. PACM 27299"
"Bacteroides eggerthii","Bacteroides eggerthii DSM 20697"
"Flavobacterium","Flavobacterium sp. 4221"
"Gramella forsetii","Gramella forsetii KT0803"
"Kaistella","Kaistella sp. 97-N-M2"
"Bacteroides","Bacteroides sp. 3_1_23"
"Flavobacterium","Flavobacterium johnsoniae"
"Mariniflexile","Mariniflexile sp. TRM1-10"
"Flavihumibacter","Flavihumibacter sp. IMCC34838"
"Microscilla marina","Microscilla marina ATCC 23134"
"Hymenobacter","Hymenobacter sp. APR13"
"Flagellimonas","Flagellimonas sp. HMM57"
"Bacteroides","uncultured Bacteroides sp. SMG1"
"Spirosoma","Spirosoma sp. RHs26"
"Prevotella","Prevotella ruminicola"
"Blattabacterium","Blattabacterium sp. (Opisthoplatia sp.)"
"Myroides","Myroides odoratus"
"Chryseobacterium","Chryseobacterium sp. NEB161"
"Blattabacterium","Blattabacterium sp. (Melanozosteria sp.)"
"Aquiflexum balticum","Aquiflexum balticum DSM 16537"
"Hymenobacter","Hymenobacter sp. DG25B"
"Elizabethkingia","Elizabethkingia sp. 2-6"
"Bacteroides","uncultured Bacteroides sp. SMG6"
"Cellulophaga","Cellulophaga sp. HaHa_2_1"
"Flavobacteriaceae","Flavobacteriaceae bacterium CRH"
"Phocaeicola dorei","Phocaeicola dorei 5_1_36/D4"
"Flavobacterium","Flavobacterium sp. VMW"
"Chryseobacterium","Chryseobacterium sp. G0186"
"Salegentibacter","Salegentibacter sp. T436"
"Robiginitalea biformata","Robiginitalea biformata HTCC2501"
"Blattabacterium","Blattabacterium sp. (Eupolyphaga sinensis)"
"Prevotella","Prevotella sp. E13-17"
"Phocaeicola salanitronis","Phocaeicola salanitronis DSM 18170"
"Mariniflexile","Mariniflexile fucanivorans"
"Flavobacterium","Flavobacterium sp. SK1022"
"Bacteroides","Bacteroides sp. M10"
"Tenacibaculum","Tenacibaculum sp. SZ-18"
"Bacteroidales","Bacteroidales bacterium 6E"
"Fibrella","Fibrella sp. ES10-3-2-2"
"Formosa","Formosa sp. Hel1_33_131"
"Prevotella","Prevotella sp. Sc00066"
"Bacteroides","Bacteroides sp. 2_1_33B"
"Chitinophaga","Chitinophaga sp. XS-30"
"Cytophagales","Cytophagales bacterium TFI 002"
"Cytophaga","uncultured Cytophaga sp."
"Cellulophaga algicola","Cellulophaga algicola DSM 14237"
"Marivirga tractuosa","Marivirga tractuosa DSM 4126"
"Flavobacteriaceae","Flavobacteriaceae bacterium 3519-10"
"Salinibacter ruber","Salinibacter ruber M8"
"Blattabacterium","Blattabacterium sp. (Carbrunneria paramaxi)"
"Algoriphagus","Algoriphagus machipongonensis"
"Pedobacter","Pedobacter sp. PAMC26386"
"Elizabethkingia meningoseptica","Elizabethkingia meningoseptica ATCC 13253"
"Bacteroidales","uncultured Bacteroidales bacterium"
"Chryseobacterium","Chryseobacterium sp. MEBOG06"
"Sphingobacterium","uncultured Sphingobacterium sp."
"Flavobacteriaceae","Flavobacteriaceae bacterium D9"
"Sphingobacterium","Sphingobacterium sp. PM2-P1-29"
"Seonamhaeicola","Seonamhaeicola sp. S2-3"
"Bacteroides","Bacteroides sp. 2_2_4"
"Tenacibaculum","Tenacibaculum maritimum"
"Elizabethkingia","Elizabethkingia sp. M8"
"Blattabacterium","Blattabacterium sp. (Lamproblatta sp.)"
"Polaribacter","Polaribacter sp. SM13"
"Bacteroides xylanisolvens","Bacteroides xylanisolvens XB1A"
"Fluviicola","Candidatus Fluviicola riflensis"
"Blattabacterium","Blattabacterium sp. (Gyna capucina)"
"Alistipes","Alistipes sp. dk3624"
"Prevotella bryantii","Prevotella bryantii B14"
"Flavobacteriales","Flavobacteriales bacterium"
"Flavobacterium","Flavobacterium sp. F-323"
"Cyclobacterium marinum","Cyclobacterium marinum DSM 745"
"Bacteroides","Bacteroides sp. 4_3_47FAA"
"Riemerella anatipestifer","Riemerella anatipestifer RA-YM"
"Prevotella","Prevotella copri"
"Parabacteroides distasonis","Parabacteroides distasonis ATCC 8503"
"Dokdonia","uncultured Dokdonia sp."
"Cytophaga","Cytophaga sp."
"Spirosoma","Spirosoma sp. CJU-R4"
"Hymenobacter","Hymenobacter sp. BT18"
"Sphingobacterium","Sphingobacterium sp. CZ-2"
"Polaribacter","Polaribacter sp. KT 15"
"Winogradskyella","Winogradskyella sp. RHA_55"
"Prevotella","Prevotella sp. E2-28"
"Bacteroidetes","unidentified eubacterium SCB49"
"Capnocytophaga","Capnocytophaga sp. H4358"
"Bacteroides","Bacteroides sp. CACC 737"
"Blattabacterium","Blattabacterium sp. (Panesthia sp.)"
"Pedobacter","Pedobacter sp. G11"
"Prevotella melaninogenica","Prevotella melaninogenica ATCC 25845"
"Dysgonomonas","Dysgonomonas sp. HDW5B"
"Polaribacter","Polaribacter sp. Hel1_33_78"
"Flavobacteriaceae","Flavobacteriaceae bacterium RR4-40"
"Bacteroides","Bacteroides sp. A1C1"
"Blattabacterium cuenoti","Blattabacterium cuenoti STAT"
"Blattabacterium","Blattabacterium sp. (Ischnoptera deropeltiformi)"
"Chryseobacterium","Chryseobacterium sp. 3008163"
"Porphyromonas gingivalis","Porphyromonas gingivalis AJW4"
"Elizabethkingia anophelis","Elizabethkingia anophelis FMS-007"
"Prevotella veroralis","Prevotella veroralis F0319"
"Aquimarina","Aquimarina sp. Aq135"
"Flavobacteriaceae","Flavobacteriaceae bacterium UJ101"
"Weeksella virosa","Weeksella virosa DSM 16922"
"Bacteroides","Bacteroides sp. 1_1_30"
"Lutibacter","Lutibacter sp. A80"
"Bacteroides uniformis","Bacteroides uniformis ATCC 8492"
"Porphyromonas","Porphyromonas gingivalis"
"Flavobacterium psychrophilum","Flavobacterium psychrophilum FPG101"
"Lacibacter","Lacibacter sp. S13-6-6"
"Flavobacterium","Flavobacterium sp. MEB061"
"Runella","Runella sp. SP2"
"Fulvivirga","Fulvivirga sp. W9P-11"
"Rufibacter","Rufibacter sp. DG15C"
"Dokdonia","Dokdonia sp. Dokd-P16"
"Muribaculaceae","uncultured Muribaculaceae bacterium"
"Phocaeicola plebeius","Phocaeicola plebeius DSM 17135"
"Bacteroides stercoris","Bacteroides stercoris CC31F"
"Flavobacterium","Flavobacterium sp. CECT 9288"
"Bacteroidetes","uncultured Bacteroidetes bacterium"
"Chryseobacterium","Chryseobacterium sp. Y16C"
"Flavobacterium","Flavobacterium sp. AUG42"
"Flavobacteriaceae","Flavobacteriaceae bacterium"
"Runella slithyformis","Runella slithyformis DSM 19594"
"Maribacter","Maribacter sp. HTCC2170"
"Hymenobacter","Hymenobacter sp. PAMC 26628"
"Tenacibaculum","Tenacibaculum sp. AHE15PA"
"Chryseobacterium","Chryseobacterium sp. cx-624"
"Blattabacterium","Blattabacterium sp. (Rhabdoblatta sp.)"
"Pseudopedobacter saltans","Pseudopedobacter saltans DSM 12145"
"Candidatus Uzinura diaspidicola","Candidatus Uzinura diaspidicola str. ASNER"
"Tamlana","Tamlana sp. s12"
"Bacteroides cellulosilyticus","Bacteroides cellulosilyticus DSM 14838"
"Prevotella","uncultured Prevotella sp."
"Arachidicoccus","Arachidicoccus sp. BS20"
"Blattabacterium","Blattabacterium sp. (Ectobius sp.)"
"Parabacteroides gordonii","Parabacteroides gordonii MS-1 = DSM 23371"
"Echinicola","Echinicola pacifica"
"Bacteroides","Bacteroides caccae"
"Ornithobacterium rhinotracheale","Ornithobacterium rhinotracheale ORT-UMN 88"
"Flavobacterium indicum","Flavobacterium indicum GPTSA100-9 = DSM 17447"
"Zunongwangia","Zunongwangia sp. SCSIO 43204"
"Blattabacterium","Blattabacterium sp. (Aeluropoda insignis)"
"Flavobacterium","Flavobacterium sp. Root935"
"Leeuwenhoekiella blandensis","Leeuwenhoekiella blandensis MED217"
"Blattabacterium","Blattabacterium sp. (Parcoblatta virginica)"
"Sphingobacterium","Sphingobacterium sp. V-54"
"Spirosoma","Spirosoma sp. KNUC1025"
"Blattabacterium","Blattabacterium sp. (Elliptorhina davidi)"
"Blattabacterium","Blattabacterium sp. (Eublaberus distanti)"
"Bacteroides","Bacteroides sp. CBA7301"
"Flavobacterium","Flavobacterium sp. KSM-R2A30"
"Flavobacterium","Flavobacterium sp. ABG"
"Riemerella anatipestifer","Riemerella anatipestifer RA-CH-1"
"Maribacter","Maribacter sp. MJ134"
"Flavobacterium","Flavobacterium sp. SHINM13"
"Bacteroidales","Bacteroidales bacterium CF"
"Chitinophaga","Chitinophaga sp. MD30B"
"Bacteroides salyersiae","Bacteroides salyersiae CL02T12C01"
"Pedobacter","Pedobacter sp. HDW13"
"Flammeovirga","Flammeovirga sp. SJP92"
"Flavobacteriaceae","Flavobacteriaceae bacterium 10Alg115"
"Blattabacterium","Blattabacterium sp. DPU"
"Blattabacterium","Blattabacterium sp. (Eurycotis decipiens)"
"Bacteroides","Bacteroides sp. CAG:189"
"Muricauda ruestringensis","Muricauda ruestringensis DSM 13258"
"Prevotella","Prevotella sp. E13-1"
"Bacteroides uniformis","Bacteroides uniformis CL03T12C37"
"Cellulophaga","Cellulophaga sp. An8"
"Sinomicrobium","Sinomicrobium sp. HD2P242"
"Winogradskyella","Winogradskyella sp. KYW1333"
"Sphingobacteriia","uncultured Sphingobacteriia bacterium"
"Dyadobacter","Dyadobacter sp. LJ419"
"Prevotella intermedia","Prevotella intermedia ATCC 25611 = DSM 20706"
"Sphingobacterium","Sphingobacterium sp. B29"
"Prevotella loescheii","Prevotella loescheii ATCC 15930"
"Chryseobacterium","Chryseobacterium sp. PCH239"
"Pedobacter","Pedobacter sp. Q8-18"
"Aequorivita sublithincola","Aequorivita sublithincola DSM 14238"
"Aquirufa","Aquirufa sp. 9H-EGSE"
"Crocinitomix","Crocinitomix sp. GM2_3_6_6"
"Blattabacterium","Blattabacterium sp. (Anaplecta omei)"
"Bacteroides","Bacteroides sp. HF-162"
"Aquimarina","Aquimarina sp. AD10"
"Chryseobacterium","uncultured Chryseobacterium sp."
"Cardinium endosymbiont of Encarsia pergandiella","Cardinium endosymbiont cEper1 of Encarsia pergandiella"
"Aquimarina","Aquimarina sp. TRL1"
"Gilvibacter","Gilvibacter sp. SZ-19"
"Flammeovirgaceae","Flammeovirgaceae bacterium 311"
"Flavobacterium psychrophilum","Flavobacterium psychrophilum FPG3"
"Mucilaginibacter","Mucilaginibacter sp. 14171R-50"
"Wenyingzhuangia","Wenyingzhuangia sp. OF219"
"Parabacteroides merdae","Parabacteroides merdae ATCC 43184"
"Blattabacterium","Blattabacterium sp. (Pycnoscelus femapterus)"
"Bacteroides","Bacteroides stercoris"
"Ochrovirga","Ochrovirga pacifica"
"Ornithobacterium rhinotracheale","Ornithobacterium rhinotracheale DSM 15997"
"Duncaniella","Duncaniella sp. C9"
"Tannerella forsythia","Tannerella forsythia 92A2"
"Bacteroides","Bacteroides sp. 2_1_22"
"Flavobacterium","Flavobacterium sp. 92"
"Bacteroidia","Bacteroidia bacterium"
"Aquimarina","Aquimarina sp. Aq107"
"Mucilaginibacter","Mucilaginibacter sp. SMC90"
"Zunongwangia","uncultured Zunongwangia sp."
"Dysgonomonas","uncultured Dysgonomonas sp."
"Riemerella anatipestifer","Riemerella anatipestifer RA-CH-2"
"Aequorivita","Aequorivita sp. F7"
"Bacteroides","Bacteroides fragilis"
"Prevotella","Prevotella sp. Sc00026"
"Pedobacter","Pedobacter sp. KBS0701"
"Formosa","Formosa sp. Hel3_A1_48"
"Hymenobacter","Hymenobacter sp. NBH84"
"Flavobacterium johnsoniae","Flavobacterium johnsoniae UW101"
"Dysgonomonadaceae","Dysgonomonadaceae bacterium zrk40"
"Aquimarina","Aquimarina sp. BL5"
"Sphingobacterium","Sphingobacterium sp. dk4302"
"Echinicola pacifica","Echinicola pacifica DSM 19836"
"Sphingobacteriales","uncultured Sphingobacteriales bacterium HF0130_33B19"
"Flavobacterium","Flavobacterium sp. YS-80-122"
"Pontibacter","Pontibacter sp. HJ8"
"Flavobacteriaceae","uncultured Flavobacteriaceae bacterium"
"Parabacteroides","Parabacteroides sp. D13"
"Dokdonia","Dokdonia sp. 4H-3-7-5"
"Blattabacterium","Blattabacterium sp. (Nauphoeta cinerea)"
"Flavobacterium","Flavobacterium sp. Sr18"
"Sphingobacterium","Sphingobacterium sp. DR205"
"Prevotella dentalis","Prevotella dentalis DSM 3688"
"Flavobacterium","Flavobacterium sp. 4214"
"Pedobacter","Pedobacter sp. D749"
"Mucilaginibacter","Mucilaginibacter sp. QM49"
"Formosa","Formosa sp. Hel1_31_208"
"Flagellimonas","Flagellimonas sp. CMM7"
"Nonlabens","Nonlabens sp. MB-3u-79"
"Prevotella histicola","Prevotella histicola F0411"
"Rhodothermus","Rhodothermus profundi"
"Flavobacterium","Flavobacterium sp. GENT5"
"Mucilaginibacter","Mucilaginibacter sp. F39-2"
"Chryseobacterium","Chryseobacterium sp. SC2-2"
"Bacteroides","Bacteroides xylanisolvens"
"Sabulilitoribacter","Sabulilitoribacter sp. BrNp1-15"
"Prevotella salivae","Prevotella salivae DSM 15606"
"Tannerella forsythia","Tannerella forsythia KS16"
"Capnocytophaga","Capnocytophaga sp. H2931"
"Nonlabens","Nonlabens sp. Hel1_33_55"
"Winogradskyella","Winogradskyella sp. J14-2"
"Alistipes","uncultured Alistipes sp."
"Sphingobacterium","Sphingobacterium sp. 62"
"Blattabacterium","Blattabacterium sp. (Shelfordella lateralis)"
"Flavobacterium","Flavobacterium sp. 9"
"Aquimarina","Aquimarina sp. Aq78"
"Emticicia oligotrophica","Emticicia oligotrophica DSM 17448"
"Olivibacter","Olivibacter sp. SDN3"
"Blattabacterium sp. (Blatta orientalis)","Blattabacterium sp. (Blatta orientalis) str. Tarazona"
"Chryseobacterium","Chryseobacterium sp. ZHDP1"
"Mesoflavibacter","Mesoflavibacter sp. HG96"
"Croceitalea dokdonensis","Croceitalea dokdonensis DOKDO 023"
"Flavobacteriia","Flavobacteria bacterium BBFL7"
"Bacteroides ovatus","Bacteroides ovatus V975"
"Flavobacterium","Flavobacterium sp. Root420"
"Blattabacterium","Blattabacterium sp. (Beybienkoa kurandanensis)"
"Flexithrix","Flexithrix dorotheae"
"Polaribacter","Polaribacter sp. SA4-10"
"Flavobacterium","Flavobacterium sp. KBS0721"
"Myroides","Myroides sp. ZB35"
"Riemerella anatipestifer","Riemerella anatipestifer RA-GD"
"Bacteroides fragilis","Bacteroides fragilis 3_1_12"
"Pedobacter","Pedobacter sp. ALS-14"
"Cellulophaga","Cellulophaga sp. KL-A"
"Chryseobacterium","Chryseobacterium sp. FDAARGOS 1104"
"Arachidicoccus","Arachidicoccus sp. 5GH13-10"
"Blattabacterium","Blattabacterium sp. (Cryptocercus punctulatus) str. Cpu"
"Polaribacter","Polaribacter sp. AHE13PA"
"Muricauda","Muricauda sp. SCSIO 64092"
"Nonlabens","Nonlabens ulvanivorans"
"Petrimonas","Petrimonas sp. IBARAKI"
"Bacteroides caccae","Bacteroides caccae CL03T12C61"
"Gramella","Gramella sp. GC03-9"
"Rhodothermus marinus","Rhodothermus marinus DSM 4252"
"Formosa","uncultured Formosa sp."
"Pedobacter","Pedobacter sp. 4236"
"Bacteroidetes","Bacteroidetes bacterium AC2a"
"Apibacter","Apibacter sp. B2966"
"Flavihumibacter","Flavihumibacter sp. IMCC34837"
"Phocaeicola dorei","Phocaeicola dorei DSM 17855"
"Chryseobacterium","Chryseobacterium sp. 6424"
"Blattabacterium","Blattabacterium sp. (Cosmozosteria sp.)"
"Fulvivirga","Fulvivirga sp. SS9-22"
"Chryseobacterium","Chryseobacterium sp. DH-B6"
"Cellulophaga","Cellulophaga sp. HaHaR_3_176"
"Duncaniella","Duncaniella sp. B8"
"Flavobacterium","Flavobacterium sp. ACN2"
"Flavobacteriia","uncultured Flavobacteriia bacterium"
"Hymenobacter","Hymenobacter sp. 5420S-77"
"Flavobacterium","Flavobacterium sp. GENT11"
"Blattabacterium","Blattabacterium sp. (Panchlora nivea)"
"Blattabacterium","Blattabacterium sp. (Therea regularis)"
"Hymenobacter","Hymenobacter sp. 5317J-9"
"Pedobacter","Pedobacter arcticus"
"Nonlabens","Nonlabens sp. MIC269"
"Leadbetterella byssophila","Leadbetterella byssophila DSM 17132"
"Olleya","Olleya sp. HaHaR_3_96"
"Sunxiuqinia","uncultured Sunxiuqinia sp."
"Bacteroides fragilis","Bacteroides fragilis 638R"
"Pedobacter","Pedobacter heparinus"
"Cyclobacteriaceae","Cyclobacteriaceae bacterium"
"Cellulophaga","Cellulophaga sp. HaHa_2_95"
"Psychroflexus","Psychroflexus sp. ALD_RP9"
"Prevotella","Prevotella sp. RS2"
"Elizabethkingia anophelis","Elizabethkingia anophelis NUHP1"
"Elizabethkingia","Elizabethkingia sp. JS20170427COW"
"Blattabacterium","Blattabacterium sp. (Protagonista lugubris)"
"Flavobacterium","Flavobacterium sp. HJ-32-4"
"Flavobacterium","Flavobacterium sp. fv08"
"Candidatus Azobacteroides pseudotrichonymphae","Candidatus Azobacteroides pseudotrichonymphae genomovar. CFP2"
"Blattabacterium","Blattabacterium sp. (Macropanesthia rhinoceros)"
"Bacteroides eggerthii","Bacteroides eggerthii 1_2_48FAA"
"Phocaeicola dorei","Phocaeicola dorei CL03T12C01"
"Persicobacter","Persicobacter sp. CCB-QB2"
"Flavobacterium","uncultured Flavobacterium sp."
"Pontibacter","Pontibacter sp. SGAir0037"
"Bacteroides ovatus","Bacteroides ovatus ATCC 8483"
"Bacteroidetes","Bacteroidetes bacterium UKL13-3"
"Bacteroides fragilis","Bacteroides fragilis HMW 615"
"Bacteroidetes","Bacteroidetes bacterium GWB2_41_8"
"Prevotella","Prevotella sp. Sc00033"
"Flavobacterium","Flavobacterium sp. F-340"
"Saprospira grandis","Saprospira grandis str. Lewin"
"Flavobacterium","Flavobacterium sp. 2"
"Bacteroides clarus","Bacteroides clarus YIT 12056"
"Blattabacterium","Blattabacterium sp. (Neolaxta mackerrasae)"
"Riemerella anatipestifer","Riemerella anatipestifer Yb2"
"Fibrisoma limi","Fibrisoma limi BUZ 3"
"Aquimarina","Aquimarina sp. Aq349"
"Elizabethkingia anophelis","Elizabethkingia anophelis Ag1"
"Mucilaginibacter paludis","Mucilaginibacter paludis DSM 18603"
"Prevotella","Prevotella sp. Sc00044"
"Gramella","Gramella sp. MT6"
"Sphingobacterium","Sphingobacterium sp. SRCM116780"
"Flavobacterium","Flavobacterium sp. F-70"
"Bacteroides","Bacteroides sp. KGMB10229"
"Cellulophaga lytica","Cellulophaga lytica DSM 7489"
"Candidatus Amoebophilus asiaticus","Candidatus Amoebophilus asiaticus 5a2"
"Hymenobacter","Hymenobacter sp. 5116S-3"
"Rhodothermus","Rhodothermus marinus"
"Olivibacter","Olivibacter sp. LS-1"
"Bacteroides thetaiotaomicron","Bacteroides thetaiotaomicron VPI-5482"
"Polaribacter","Polaribacter sp. G4M1"
"Lacinutrix","Lacinutrix sp. 5H-3-7-4"
"Flavobacterium","Flavobacterium sp. ov086"
"Capnocytophaga canimorsus","Capnocytophaga canimorsus Cc5"
"Myroides","Myroides sp. A21"
"Flavobacteriaceae","Flavobacteriaceae bacterium AU392"
"Solitalea canadensis","Solitalea canadensis DSM 3403"
"Niabella soli","Niabella soli DSM 19437"
"Cellulophaga baltica","Cellulophaga baltica NN016038"
"Parabacteroides","Parabacteroides sp. CT06"
"Sphingobacteriales","uncultured Sphingobacteriales bacterium"
"Lacinutrix","Lacinutrix sp. WUR7"
"Prevotella","Prevotella sp. E1-9"
"Polaribacter","Polaribacter sp. ALD11"
"Phocaeicola","Phocaeicola vulgatus"
"Capnocytophaga","Capnocytophaga sp. ChDC OS43"
"Gillisia limnaea","Gillisia limnaea DSM 15749"
"Polaribacter","Polaribacter sp. MED152"
"Hymenobacter","Hymenobacter sp. TS19"
"Fluviicola taffensis","Fluviicola taffensis DSM 16823"
"Marixanthomonas","Marixanthomonas sp. SCSIO 43207"
"Nonlabens","Nonlabens sp. Ci31"
"Porphyromonas gingivalis","Porphyromonas gingivalis A7436"
"Chryseobacterium","Chryseobacterium sp. F4"
"Bacteroides","Bacteroides sp. XB12B"
"Porphyromonas gingivalis","Porphyromonas gingivalis SJD2"
"Flavobacteriales","Flavobacteriales bacterium ALC-1"
"Flavobacterium branchiophilum","Flavobacterium branchiophilum FL-15"
"Prevotella sp. oral taxon 299","Prevotella sp. oral taxon 299 str. F0039"
"Blattabacterium","Blattabacterium sp. (Anaplecta sp.)"
"Prevotella copri","Prevotella copri DSM 18205"
"Flavobacteriaceae","Flavobacteriaceae bacterium MT3330"
"Flavobacterium","Flavobacterium sp. UMI-01"
"Porphyromonas gingivalis","Porphyromonas gingivalis SJD5"
"Tenacibaculum maritimum","Tenacibaculum maritimum NCIMB 2154"
"Prevotella nigrescens","Prevotella nigrescens F0103"
"Blattabacterium","Blattabacterium sp. (Ectoneura hanitschi)"
"Blattabacterium punctulatus","Blattabacterium punctulatus CPU2"
"Blattabacterium","Blattabacterium sp. (Gromphadorhina grandidieri)"
"Bacteroidaceae","uncultured Bacteroidaceae bacterium"
"Saccharicrinis fermentans","Saccharicrinis fermentans DSM 9555 = JCM 21142"
"Flavobacterium","Flavobacterium sp. MSY2"
"Dyadobacter fermentans","Dyadobacter fermentans DSM 18053"
"Spirosoma","Spirosoma sp. KCTC 42546"
"Hymenobacter","Hymenobacter sp. HDW8"
"Mesoflavibacter","Mesoflavibacter sp. HG37"
"Flavobacterium","Flavobacterium sp."
"Winogradskyella","Winogradskyella sp. HaHa_3_26"
"Chryseobacterium","Chryseobacterium sp. LJ668"
"Spirosoma","Spirosoma sp. KUDC1026"
"Flavobacterium","Flavobacterium sp. WSW3-B6"
"Alistipes shahii","Alistipes shahii WAL 8301"
"Lutibacter","Lutibacter sp. A64"
"Blattabacterium sp. (Periplaneta americana)","Blattabacterium sp. (Periplaneta americana) str. BPLAN"
"Hwangdonia","Hwangdonia sp. GSB9"
"Gramella flava","Gramella flava JLT2011"
"Polaribacter","Polaribacter sp. BM10"
"Aquimarina agarilytica","Aquimarina agarilytica ZC1"
"Elizabethkingia","Elizabethkingia meningoseptica"
"Chitinophaga pinensis","Chitinophaga pinensis DSM 2588"
"Chryseobacterium","Chryseobacterium sp. SNU WT7"
"Mucilaginibacter","uncultured Mucilaginibacter sp."
"Microscilla","Microscilla sp. PRE1"
"Chryseobacterium","Chryseobacterium sp. POL2"
"Flavobacterium","Flavobacterium sp. RBE3"
"Blattabacterium","Blattabacterium sp. (Tryonicus sp.)"
"Apibacter","Apibacter sp. B3706"
"Flavobacterium psychrophilum","Flavobacterium psychrophilum JIP02/86"
"Fibrella aestuarina","Fibrella aestuarina BUZ 2"
"Cellulophaga baltica","Cellulophaga baltica 18"
"Prevotella loescheii","Prevotella loescheii DSM 19665 = JCM 12249 = ATCC 15930"
"Flammeovirga","Flammeovirga sp. MY04"
"Blattabacterium","Blattabacterium sp. (Megaloblatta sp.)"
"Flavobacterium columnare","Flavobacterium columnare ATCC 49512"
"Sediminicola","Sediminicola sp. YIK13"
"Prevotella","Prevotella sp. Rep29"
"Flammeovirga","Flammeovirga sp. OC4"
"Bacteroides","uncultured Bacteroides sp."
"Alkaliflexus","Alkaliflexus imshenetskii"
"Prevotella","Prevotella sp. Sc00028"
"Barnesiella viscericola","Barnesiella viscericola DSM 18177"
"Tannerella forsythia","Tannerella forsythia 3313"
"Flavobacteriaceae","Flavobacteriaceae bacterium GSB9"
"Saprospiraceae","Saprospiraceae bacterium"
"Bacteroides xylanisolvens","Bacteroides xylanisolvens SD CC 1b"
"Flavobacterium","Flavobacterium sp. Leaf82"
"Prevotella oris","Prevotella oris C735"
"Pedobacter","Pedobacter sp. SW-16"
"Owenweeksia hongkongensis","Owenweeksia hongkongensis DSM 17368"
"Bacteroides","Bacteroides sp. D22"
"Sphingobacterium","Sphingobacterium sp. HWLB1"
"Muricauda","Muricauda sp. SCSIO 65647"
"Flavobacteriales","uncultured Flavobacteriales bacterium"
"Petrimonas","Petrimonas mucosa"
"Parabacteroides","Parabacteroides sp. 20_3"
"Blattabacterium","Blattabacterium sp. (Euphyllodromia sp.)"
"Mucilaginibacter","Mucilaginibacter sp. PAMC 26640"
"Bacteroides","Bacteroides thetaiotaomicron"
"Sphingobacterium","Sphingobacterium sp. UDSM-2020"
"Apibacter","Apibacter sp. ESL0404"
"Blattabacterium","Blattabacterium sp. (Chorisoserrata sp.)"
"Blattabacterium","Blattabacterium punctulatus"
"Solitalea","Solitalea sp. S2-8"
"Flavobacterium psychrophilum","Flavobacterium psychrophilum CSF 259-93"
"Haliscomenobacter hydrossis","Haliscomenobacter hydrossis DSM 1100"
"Capnocytophaga","Capnocytophaga sp. FDAARGOS_737"
"Dokdonia donghaensis","Dokdonia donghaensis DSW-1"
"Spirosoma","uncultured Spirosoma sp."
"Sphingobacterium","Sphingobacterium sp. 21"
"Polaribacter","Polaribacter sp. L12M9"
"Hymenobacter","Hymenobacter sp. BRD128"
"Cellulophaga","Cellulophaga sp. QY3"
"Flavobacterium","Flavobacterium sp. LW53"
"Maribacter forsetii","Maribacter forsetii DSM 18668"
"Gramella","Gramella sp. MAR_2010_147"
"Hymenobacter","Hymenobacter sp. 5516J-16"
"Bacteroides","Bacteroides thetaiotaomicron CAG:40"
"Blattabacterium","Blattabacterium sp. (Paratemnopteryx couloniana)"
"Chryseobacterium","Chryseobacterium sp. D764"
"Pedobacter heparinus","Pedobacter heparinus DSM 2366"
"Chryseobacterium","Chryseobacterium sp. G0201"
"Chryseobacterium","Chryseobacterium sp. SNU WT5"
"Nonlabens dokdonensis","Nonlabens dokdonensis DSW-6"
"Flexithrix","uncultured Flexithrix sp."
"Flavobacterium","Flavobacterium sp. CHNK8"
"Formosa agariphila","Formosa agariphila KMM 3901"
"Blattabacterium","Blattabacterium sp. (Amazonina sp.)"
"Prevotella intermedia","Prevotella intermedia 17"
"Alistipes finegoldii","Alistipes finegoldii DSM 17242"
"Polaribacter","Polaribacter sp. KT25b"
"Blattabacterium","Blattabacterium sp. (Phyllodromica sp.)"
"Bacteroides","Bacteroides sp. D20"
"Bacteroides","Bacteroides sp. 3_1_19"
"Blattabacterium","Blattabacterium sp. (Anallacta methanoides)"
"Dysgonomonas","Dysgonomonas sp. HDW5A"
"Elizabethkingia anophelis","Elizabethkingia anophelis R26"
"Flavobacterium","Flavobacterium sp. CLA17"
"Riemerella anatipestifer","Riemerella anatipestifer ATCC 11845 = DSM 15868"
"Chitinophaga","Chitinophaga sp. MD30"
"Chryseobacterium","Chryseobacterium sp. MEBOG07"
"Ferruginibacter","Ferruginibacter sp. KIS38-8"
"Flavobacterium","Flavobacterium sp. TN17"
"Bacteroides fragilis","Bacteroides fragilis YCH46"
"Flavobacterium","Flavobacterium sp. KSM-R2A25"
"Maribacter","Maribacter sp. 1_2014MBL_MicDiv"
"Bacteroides","Bacteroides faecis CAG:32"
"Flavobacterium","Flavobacterium sp. SLB02"
"Galbibacter","Galbibacter sp. BG1"
"Polaribacter","uncultured Polaribacter sp."
"Proteiniphilum","Proteiniphilum saccharofermentans"
"Blattabacterium","Blattabacterium sp. (Balta sp.)"
"Olleya","Olleya sp. Bg11-27"
"Parabacteroides johnsonii","Parabacteroides johnsonii CL02T12C29"
"Bacteroides","Bacteroides sp. KGMB07931"
"Rhodothermaceae","Rhodothermaceae bacterium RA"
"Cyclobacterium qasimii","Cyclobacterium qasimii M12-11B"
"Bacteroides","Bacteroides sp. 1_1_14"
"Niabella","Niabella aurantiaca"
"Porphyromonas gingivalis","Porphyromonas gingivalis ATCC 33277"
"Porphyromonas asaccharolytica","Porphyromonas asaccharolytica DSM 20707"
"Flavobacterium","Flavobacterium sp. Root901"
"Belliella baltica","Belliella baltica DSM 15883"
"Bacteroides fragilis","Bacteroides fragilis CL03T12C07"
"Blattabacterium cuenoti","Blattabacterium cuenoti BPAA"
"Fulvivirga","Fulvivirga sp. SW1-E11"
"Cytophagia","uncultured Cytophagia bacterium"
"Prevotella","Prevotella sp. E1-a"
"Gillisia","Gillisia sp. Hel1_33_143"
"Psychroserpens","Psychroserpens sp. NJDZ02"
"Blattabacterium sp. (Mastotermes darwiniensis)","Blattabacterium sp. (Mastotermes darwiniensis) str. MADAR"
"Mucilaginibacter","Mucilaginibacter sp. 21P"
"Blattabacterium cuenoti","Blattabacterium cuenoti BPAY"
"Antarcticibacterium","Antarcticibacterium sp. 1MA-6-2"
"Spirosoma linguale","Spirosoma linguale DSM 74"
"Winogradskyella","Winogradskyella sp. PAMC22761"
"Flavobacterium","Flavobacterium denitrificans"
"Polaribacter","Polaribacter sp. HaHaR_3_91"
"Aquimarina","Aquimarina sp. AD1"
"Arachidicoccus","Arachidicoccus sp. B3-10"
"Polaribacter irgensii","Polaribacter irgensii 23-P"
"Bacteroides","Bacteroides sp. ZJ-18"
"Zunongwangia profunda","Zunongwangia profunda SM-A87"
"Flavobacterium","Flavobacterium sp. F-29"
"Lacinutrix","Lacinutrix sp. Bg11-31"
"Phocaeicola vulgatus","Phocaeicola vulgatus ATCC 8482"
"Blattabacterium","Blattabacterium sp. (Allacta sp.)"
"Bacteroides","Bacteroides cellulosilyticus"
"Phocaeicola","Phocaeicola plebeius"
"Chryseobacterium","Chryseobacterium sp. StRB126"
"Sphingobacterium spiritivorum","Sphingobacterium spiritivorum ATCC 33300"
"Prevotella","Prevotella sp. E15-14"
"Apibacter","Apibacter sp. ESL0432"
"Flavobacterium","Flavobacterium sp. Root186"
"Bacteroidetes","Bacteroidetes bacterium"
"Formosa","Formosa haliotis"
"Spirosoma","Spirosoma sp. KCTC 72228"
"Prevotella","Prevotella sp. E9-3"
"Maribacter","Maribacter sp. MAR_2009_60"
"Nonlabens marinus","Nonlabens marinus S1-08"
"Winogradskyella","Winogradskyella sp. PC-19"
"Cytophaga hutchinsonii","Cytophaga hutchinsonii ATCC 33406"
"Hymenobacter","Hymenobacter sp. 5414T-23"
"Hymenobacter","Hymenobacter sp. 5116S-27"
"Breznakibacter","Breznakibacter xylanolyticus"
"Bacteroides","Bacteroides clarus"
"Proteiniphilum","Proteiniphilum sp. JNU-WLY501"
"Algoriphagus","Algoriphagus sp. NBT04N3"
"Flavobacterium","Flavobacterium sp. KK2020170"
"Chryseobacterium","Chryseobacterium sp. G0162"
"Blattabacterium","Blattabacterium sp. (Methana sp.)"
"Flavobacterium","Flavobacterium sp. MDT1-60"
"Pontibacter actiniarum","Pontibacter actiniarum DSM 19842"
"Bacteroides cellulosilyticus","Bacteroides cellulosilyticus WH2"
"Bernardetia litoralis","Bernardetia litoralis DSM 6794"
"Capnocytophaga ochracea","Capnocytophaga ochracea DSM 7271"
"Hymenobacter","Hymenobacter sp. DG25A"
"Porphyromonas gingivalis","Porphyromonas gingivalis W83"
"Hymenobacter","Hymenobacter sp. S2-20-2"
"Blattabacterium","Blattabacterium sp. (Blaptica dubia)"
"Sphingobacterium","Sphingobacterium sp. ML3W"
"Blattabacterium","Blattabacterium sp. (Epilampra maya)"
"Aequorivita","Aequorivita sp. H23M31"
"Mucinivorans","Mucinivorans hirudinis"
"Blattabacterium","Blattabacterium sp. (Paranauphoeta circumdata)"
"Bacteroides stercoris","Bacteroides stercoris ATCC 43183"
"Prevotella ruminicola","Prevotella ruminicola 23"
"Paludibacter propionicigenes","Paludibacter propionicigenes WB4"
"Prolixibacteraceae","Prolixibacteraceae bacterium DS1-an-2312"
"Croceibacter atlanticus","Croceibacter atlanticus HTCC2559"
"Flavobacterium","Flavobacterium sp. 140616W15"
"Aquimarina","Aquimarina latercula"
"Flexithrix dorotheae","Flexithrix dorotheae DSM 6795"
"Porphyromonas gingivalis","Porphyromonas gingivalis 381"
"Porphyromonas gingivalis","Porphyromonas gingivalis W50"
"Porphyromonas gingivalis","Porphyromonas gingivalis TDC60"
"Bacteroides","Bacteroides sp. 9_1_42FAA"
"Bacteroides","Bacteroides sp. 3_1_33FAA"
"Prevotella denticola","Prevotella denticola F0289"
"Dysgonomonas gadei","Dysgonomonas gadei ATCC BAA-286"
"Algoriphagus","Algoriphagus lacus"
"Sphingobacterium","Sphingobacterium sp. HMA12"
"Sphingobacteriaceae","Sphingobacteriaceae bacterium GW460-11-11-14-LB5"
"Flavobacterium","Flavobacterium sp. S20"
"Polaribacter","Polaribacter sp. Q13"
"Hymenobacter","Hymenobacter sp. PAMC 26554"
"Chryseobacterium","Chryseobacterium sp. T16E-39"
"Cellulophaga","Cellulophaga omnivescoria"
"Niabella aurantiaca","Niabella aurantiaca DSM 17617"
"Flavobacterium","Flavobacterium sp. xlx-214"
"Flavobacterium","Flavobacterium sp. CS20"
"Sphingobacterium","Sphingobacterium sp. HP455"
"Hymenobacter","Hymenobacter sp. BRD67"
"Riemerella anatipestifer","Riemerella anatipestifer CH3"
"Odoribacter splanchnicus","Odoribacter splanchnicus DSM 20712"
"Blattabacterium","Blattabacterium sp. (Laxta sp.)"
"Porphyromonas gingivalis","Porphyromonas gingivalis A7A1-28"
"Blattabacterium","Blattabacterium sp. (Cryptocercus hirtus)"
"Bacteroides fragilis","Bacteroides fragilis NCTC 9343"
"Blattabacterium","Blattabacterium sp. (Galiblatta cribrosa)"
"Bacteroides thetaiotaomicron","Bacteroides thetaiotaomicron dnLKV9"
"Bacteroides helcogenes","Bacteroides helcogenes P 36-108"
"Flavobacteriaceae","Flavobacteriaceae bacterium MAR_2010_188"
"Blattabacterium","Blattabacterium sp. (Platyzosteria sp.)"
"Bacteroides uniformis","Bacteroides uniformis str. 3978 T3 i"
"Chryseobacterium","Chryseobacterium sp. IHB B 17019"
"Siansivirga zeaxanthinifaciens","Siansivirga zeaxanthinifaciens CC-SAMT-1"
"Bacteroides caccae","Bacteroides caccae ATCC 43185"
"Bacteroides intestinalis","Bacteroides intestinalis DSM 17393"
"Mesoflavibacter","Mesoflavibacter sp. SCSIO 43206"
"Chryseobacterium","Chryseobacterium sp. HT1"
"Gramella","Gramella sp. MAR_2010_102"
"Polaribacter","Polaribacter sp. SA4-12"
"Tenacibaculum","Tenacibaculum sp. AHE14PA"
"Arenitalea","Arenitalea lutea"
"Flavobacterium","Flavobacterium sp. F52"
"Bacteroides ovatus","Bacteroides ovatus CL02T12C04"
"Bacteroides finegoldii","Bacteroides finegoldii DSM 17565"
"Polaribacter","Polaribacter sp. R2A056_3_33"
"Kordia algicida","Kordia algicida OT-1"
"Niastella koreensis","Niastella koreensis GR20-10"
"Hymenobacter swuensis","Hymenobacter swuensis DY53"
"Oceanihabitans","Oceanihabitans sp. IOP_32"
"Echinicola","Echinicola sp. SCS 3-6"
"Chryseobacterium","Chryseobacterium sp. C-17"
"Salinibacter ruber","Salinibacter ruber DSM 13855"
"Sphingobacterium","Sphingobacterium sp. GN25"
